{"cameraMode":{"drawMode":0,"name":"Shaded","section":"Shading Mode"},"sceneLighting":false,"audioPlay":false,"sceneViewState":{"showFog":true,"showMaterialUpdate":false,"showSkybox":true,"showFlares":true,"showImageEffects":true,"showParticleSystems":true},"in2DMode":false,"pivot":{"x":0.000004291534423828125,"y":0.021593002602458,"z":-2.9999914169311525},"rotation":{"x":0.23747308552265168,"y":0.35361000895500185,"z":-0.09331100434064865,"w":0.8999220132827759},"size":2.867447853088379,"orthographic":false}