{"cameraMode":{"drawMode":0,"name":"Shaded","section":"Shading Mode"},"sceneLighting":false,"audioPlay":false,"sceneViewState":{"showFog":true,"showMaterialUpdate":false,"showSkybox":true,"showFlares":true,"showImageEffects":true,"showParticleSystems":true},"in2DMode":false,"pivot":{"x":-28.299999237060548,"y":13.399999618530274,"z":1.2999999523162842},"rotation":{"x":0.12403108179569245,"y":-0.04821186512708664,"z":0.006057279650121927,"w":0.9910879135131836},"size":22.0,"orthographic":true}