{"cameraMode":{"drawMode":0,"name":"Shaded","section":"Shading Mode"},"sceneLighting":true,"audioPlay":false,"sceneViewState":{"showFog":true,"showMaterialUpdate":false,"showSkybox":true,"showFlares":true,"showImageEffects":true,"showParticleSystems":true},"in2DMode":false,"pivot":{"x":3.579697608947754,"y":2.2286322116851808,"z":-3.0124166011810304},"rotation":{"x":0.038527946919202808,"y":0.9548823237419128,"z":-0.1428513079881668,"w":0.257504940032959},"size":3.998791456222534,"orthographic":true}