{"cameraMode":{"drawMode":0,"name":"Shaded","section":"Shading Mode"},"sceneLighting":true,"audioPlay":false,"sceneViewState":{"showFog":true,"showMaterialUpdate":false,"showSkybox":true,"showFlares":true,"showImageEffects":true,"showParticleSystems":true},"in2DMode":false,"pivot":{"x":3.7627720832824709,"y":2.691710948944092,"z":0.810564398765564},"rotation":{"x":0.004843263421207666,"y":0.9951838850975037,"z":-0.06877543777227402,"w":0.0696810781955719},"size":2.7001633644104006,"orthographic":true}