{"cameraMode":{"drawMode":0,"name":"Shaded","section":"Shading Mode"},"sceneLighting":true,"audioPlay":false,"sceneViewState":{"showFog":true,"showMaterialUpdate":false,"showSkybox":true,"showFlares":true,"showImageEffects":true,"showParticleSystems":true},"in2DMode":false,"pivot":{"x":3.625182867050171,"y":2.9029998779296877,"z":2.5238778591156008},"rotation":{"x":-0.06739513576030731,"y":0.7277016043663025,"z":-0.07229805737733841,"w":-0.6787351369857788},"size":3.0346853733062746,"orthographic":true}