{"cameraMode":{"drawMode":0,"name":"Shaded","section":"Shading Mode"},"sceneLighting":false,"audioPlay":false,"sceneViewState":{"showFog":true,"showMaterialUpdate":false,"showSkybox":true,"showFlares":true,"showImageEffects":true,"showParticleSystems":true},"in2DMode":false,"pivot":{"x":-5.092942714691162,"y":7.23332405090332,"z":19.8756160736084},"rotation":{"x":-0.07337844371795654,"y":0.038587190210819247,"z":-0.0028623463585972788,"w":-0.9965533018112183},"size":17.33720588684082,"orthographic":true}