{"cameraMode":{"drawMode":0,"name":"Shaded","section":"Shading Mode"},"sceneLighting":false,"audioPlay":false,"sceneViewState":{"showFog":true,"showMaterialUpdate":false,"showSkybox":true,"showFlares":true,"showImageEffects":true,"showParticleSystems":true},"in2DMode":false,"pivot":{"x":11.98699951171875,"y":0.9200038909912109,"z":7.538568496704102},"rotation":{"x":-0.027520915493369104,"y":0.96686851978302,"z":-0.22434906661510468,"w":-0.11864005774259567},"size":31.65706443786621,"orthographic":true}