{"cameraMode":{"drawMode":0,"name":"Shaded","section":"Shading Mode"},"sceneLighting":true,"audioPlay":false,"sceneViewState":{"showFog":true,"showMaterialUpdate":false,"showSkybox":true,"showFlares":true,"showImageEffects":true,"showParticleSystems":true},"in2DMode":false,"pivot":{"x":0.7998327612876892,"y":2.903261423110962,"z":-0.5407956838607788},"rotation":{"x":0.15290452539920808,"y":0.6483724117279053,"z":-0.13512754440307618,"w":0.7334671020507813},"size":1.4285658597946168,"orthographic":true}