{"cameraMode":{"drawMode":0,"name":"Shaded","section":"Shading Mode"},"sceneLighting":false,"audioPlay":false,"sceneViewState":{"showFog":true,"showMaterialUpdate":false,"showSkybox":true,"showFlares":true,"showImageEffects":true,"showParticleSystems":true},"in2DMode":false,"pivot":{"x":299.1199951171875,"y":-96.40489196777344,"z":-1589.5},"rotation":{"x":0.07255066931247711,"y":0.9274487495422363,"z":-0.2626744508743286,"w":0.256080687046051},"size":6.8001933097839359,"orthographic":true}