{"cameraMode":{"drawMode":0,"name":"Shaded","section":"Shading Mode"},"sceneLighting":true,"audioPlay":false,"sceneViewState":{"showFog":true,"showMaterialUpdate":false,"showSkybox":true,"showFlares":true,"showImageEffects":true,"showParticleSystems":true},"in2DMode":false,"pivot":{"x":2.3005692958831789,"y":4.377400875091553,"z":-0.6411715149879456},"rotation":{"x":0.387970507144928,"y":-0.5335661768913269,"z":0.300595223903656,"w":0.6887878775596619},"size":10.38173770904541,"orthographic":true}