{"cameraMode":{"drawMode":0,"name":"Shaded","section":"Shading Mode"},"sceneLighting":false,"audioPlay":false,"sceneViewState":{"showFog":true,"showMaterialUpdate":false,"showSkybox":true,"showFlares":true,"showImageEffects":true,"showParticleSystems":true},"in2DMode":false,"pivot":{"x":3.5940001010894777,"y":2.4326000213623049,"z":-2.5319998264312746},"rotation":{"x":0.1257910430431366,"y":-0.8668469786643982,"z":0.27530014514923098,"w":0.3961852490901947},"size":0.37900397181510928,"orthographic":true}