{"cameraMode":{"drawMode":0,"name":"Shaded","section":"Shading Mode"},"sceneLighting":false,"audioPlay":false,"sceneViewState":{"showFog":true,"showMaterialUpdate":false,"showSkybox":true,"showFlares":true,"showImageEffects":true,"showParticleSystems":true},"in2DMode":false,"pivot":{"x":-24.299999237060548,"y":-0.234375,"z":-0.2278517782688141},"rotation":{"x":0.16651618480682374,"y":0.7696093320846558,"z":-0.22295904159545899,"w":0.5746852159500122},"size":66.41061401367188,"orthographic":true}