{"cameraMode":{"drawMode":0,"name":"Shaded","section":"Shading Mode"},"sceneLighting":false,"audioPlay":false,"sceneViewState":{"showFog":true,"showMaterialUpdate":false,"showSkybox":true,"showFlares":true,"showImageEffects":true,"showParticleSystems":true},"in2DMode":false,"pivot":{"x":39.599998474121097,"y":-0.234375,"z":-0.2278517782688141},"rotation":{"x":0.07255066931247711,"y":0.9274487495422363,"z":-0.2626744508743286,"w":0.256080687046051},"size":66.41059875488281,"orthographic":true}