{"cameraMode":{"drawMode":0,"name":"Shaded","section":"Shading Mode"},"sceneLighting":true,"audioPlay":false,"sceneViewState":{"showFog":true,"showMaterialUpdate":false,"showSkybox":true,"showFlares":true,"showImageEffects":true,"showParticleSystems":true},"in2DMode":false,"pivot":{"x":3.7944724559783937,"y":1.3618582487106324,"z":0.8143132328987122},"rotation":{"x":-0.008959962986409665,"y":0.6633793115615845,"z":0.007981316186487675,"w":0.7481871247291565},"size":2.7001633644104006,"orthographic":true}