{"cameraMode":{"drawMode":0,"name":"Shaded","section":"Shading Mode"},"sceneLighting":true,"audioPlay":false,"sceneViewState":{"showFog":true,"showMaterialUpdate":false,"showSkybox":true,"showFlares":true,"showImageEffects":true,"showParticleSystems":true},"in2DMode":false,"pivot":{"x":3.4317400455474855,"y":2.765810966491699,"z":0.8962255716323853},"rotation":{"x":0.009789224714040757,"y":0.9885578155517578,"z":-0.1312534660100937,"w":0.07368963211774826},"size":4.196417331695557,"orthographic":true}