{"cameraMode":{"drawMode":0,"name":"Shaded","section":"Shading Mode"},"sceneLighting":false,"audioPlay":false,"sceneViewState":{"showFog":true,"showMaterialUpdate":false,"showSkybox":true,"showFlares":true,"showImageEffects":true,"showParticleSystems":true},"in2DMode":false,"pivot":{"x":2.1116831302642824,"y":0.9343677759170532,"z":1.7078675031661988},"rotation":{"x":0.03232783079147339,"y":0.9580377340316773,"z":-0.11989647150039673,"w":0.25834766030311587},"size":6.406368255615234,"orthographic":true}